employee_id,name,phone,personal_email,bank_account,address
E001,Rahul Mehta,9821034567,rahul.mehta@example.com,50100234567890,"12 MG Road, Pune, MH"
E002,Priya Nair,9845098123,priya.nair@example.com,50100345678901,"44 Richmond Rd, Bengaluru, KA"
E003,Amit Sharma,9900123456,amit.sharma@example.com,50100456789012,"7 Park Street, Kolkata, WB"
E004,Sneha Iyer,9876543210,sneha.iyer@example.com,50100567890123,"221 Anna Salai, Chennai, TN"
E005,Vikram Desai,9823456789,vikram.desai@example.com,50100678901234,"88 Linking Road, Mumbai, MH"
E006,Kavita Rao,9811122334,kavita.rao@example.com,50100789012345,"15 Begumpet, Hyderabad, TG"
E007,Arjun Kapoor,9900011223,arjun.kapoor@example.com,50100890123456,"3 Camac Street, Kolkata, WB"
E008,Neha Gupta,9988776655,neha.gupta@example.com,50100901234567,"56 Koregaon Park, Pune, MH"
E009,Rohan Joshi,9765432109,rohan.joshi@example.com,50101012345678,"9 Banjara Hills, Hyderabad, TG"
E010,Ananya Singh,9654321098,ananya.singh@example.com,50101123456789,"27 Sector 18, Gurugram, HR"
E011,Karan Malhotra,9543210987,karan.malhotra@example.com,50101234567890,"4 Marine Drive, Mumbai, MH"
E012,Divya Menon,9432109876,divya.menon@example.com,50101345678901,"62 Indiranagar, Bengaluru, KA"
E013,Suresh Pillai,9321098765,suresh.pillai@example.com,50101456789012,"18 T Nagar, Chennai, TN"
E014,Pooja Bhatt,9210987654,pooja.bhatt@example.com,50101567890123,"31 Salt Lake, Kolkata, WB"
E015,Manish Agarwal,9109876543,manish.agarwal@example.com,50101678901234,"70 Civil Lines, Delhi, DL"
E016,Ritu Chawla,9098765432,ritu.chawla@example.com,50101789012345,"14 Model Town, Delhi, DL"
E017,Deepak Verma,9988001122,deepak.verma@example.com,50101890123456,"55 Vastrapur, Ahmedabad, GJ"
E018,Shalini Reddy,9877001234,shalini.reddy@example.com,50101901234567,"Apex Facility Services c/o 12 Jubilee Hills, Hyderabad, TG"
E019,Nikhil Bose,9766001234,nikhil.bose@example.com,50102012345678,"8 Park Circus, Kolkata, WB"
E020,Tara Chandran,9655001234,tara.chandran@example.com,50102123456789,"19 Adyar, Chennai, TN"
